Student_ID,Course,Grade,Attendance,Participation
1,C++,67,71,6
2,JavaScript,75,79,3
3,Python,93,82,4
4,C++,83,99,4
5,C++,59,94,3
6,JavaScript,85,90,3
7,Python,63,75,3
8,Python,80,97,4
9,C++,97,97,7
10,Java,64,81,4
11,C++,57,81,9
12,C++,63,89,1
13,C++,72,99,8
14,C++,89,99,7
15,JavaScript,70,80,2
16,Python,65,95,8
17,JavaScript,94,92,1
18,JavaScript,67,97,9
19,JavaScript,96,94,9
20,C++,73,76,2
21,Java,75,99,7
22,Python,74,70,3
23,Java,94,70,7
24,JavaScript,90,94,9
25,JavaScript,78,96,4
26,Java,64,99,1
27,Java,94,94,2
28,Java,50,89,1
29,JavaScript,74,82,5
30,JavaScript,56,78,5
31,Python,58,72,7
32,Python,73,76,9
33,JavaScript,50,75,9
34,Java,93,77,3
35,Java,57,96,3
36,Python,73,78,3
37,JavaScript,60,99,4
38,Python,66,74,8
39,Python,57,70,6
40,C++,84,88,8
41,C++,84,79,1
42,C++,82,81,8
43,Java,54,93,4
44,JavaScript,91,84,1
45,JavaScript,88,96,8
46,JavaScript,90,91,4
47,JavaScript,77,93,6
48,C++,56,78,8
49,Java,58,89,4
50,Java,57,86,3
51,C++,61,99,9
52,Java,83,86,3
53,C++,82,95,9
54,JavaScript,97,89,2
55,C++,72,81,2
56,JavaScript,73,99,2
57,JavaScript,86,76,6
58,Python,84,71,3
59,C++,93,72,9
60,Python,89,86,4
61,C++,71,74,1
62,C++,76,86,4
63,Python,84,93,1
64,Python,50,86,5
65,C++,84,96,4
66,Java,86,86,8
67,JavaScript,96,71,8
68,Python,63,71,7
69,JavaScript,52,97,3
70,Java,50,91,1
71,Java,54,92,1
72,Java,75,74,3
73,Python,63,70,6
74,Java,88,70,7
75,Python,76,88,6
76,Java,58,99,6
77,JavaScript,64,71,6
78,JavaScript,64,90,3
79,C++,75,81,6
80,JavaScript,91,95,8
81,C++,62,75,2
82,JavaScript,81,92,5
83,Python,88,73,1
84,JavaScript,98,92,1
85,C++,81,80,5
86,C++,53,93,3
87,Java,79,96,4
88,Python,86,86,3
89,JavaScript,72,75,1
90,Java,88,93,1
91,JavaScript,94,74,5
92,JavaScript,64,89,6
93,Java,92,71,3
94,Java,78,75,9
95,Java,85,91,5
96,Java,62,80,8
97,Java,81,85,1
98,JavaScript,56,85,5
99,Java,71,70,3
100,Python,77,78,1
